brand,model
adidas,Gazelle
adidas,Spezial
adidas,Stan Smith
adidas,Forum
adidas,NMD
nike,Air Force 1
nike,Air Max 90
nike,Air Max 97
nike,Dunk Low
nike,Pegasus
nike,Vomero
nike,Cortez
nike,Blazer
adidas,Samba OG Preloved Red Leopard
adidas,Samba Jane White Black Gum
adidas,Samba OG Gold Metallic Cracked Leather
adidas,Samba OG Rhinestone Crystal White Silver
adidas,Samba OG Silver Metallic Cracked Leather
adidas,Samba OG Rhinestone Black Silver
adidas,Samba OG Cream White Sand Strata
adidas,Samba Mule Woven Basketweave Cream White
adidas,Samba OG Cow Print Aurora Coffee
adidas,Samba OG Leopard Magic Beige
adidas,Samba OG Cloud White Core Black
adidas,Samba OG Maroon Gold Metallic
adidas,Samba Jane Black White Gum
adidas,Samba OG Black Wonder White
adidas,Samba OG Snakeskin Collegiate Green
adidas,Samba Jane Cloud White Pink
adidas,Samba OG White Halo Blue Gum
adidas,Samba LT Cow Print Brown White
adidas,Samba OG White Silver Metallic Grey
adidas,Samba OG Basketweave Cream White Earth Strata
adidas,Samba OG Bambi Brown Desert
adidas,Samba Jane Black Off White
adidas,Liberty London Samba Jane Chalk Pearl Silver Metallic Chalk White
adidas,Samba Jane Suede Sand Strata
adidas,Samba OG Cream White Earth Strata Pony Hair
adidas,Samba Jane Crew Navy White
adidas,Samba OG Patent Snakeskin Silver Metallic
adidas,Samba OG Basketweave Tongue Off White Green
adidas,Samba OG Off White Dusky Petrol Night Indigo
adidas,Samba OG Better Scarlet Black Patent
adidas,Samba Jane Scarlet White Gum
adidas,Samba OG Crochet Pack Sand Strata
adidas,Samba Jane Maroon Cream White
adidas,Samba OG White Solar Red Gum
adidas,Samba OG Pink Spark Shadow Red
adidas,Samba Ruffle Stripes Pack Clear Sky
adidas,Samba OG Sandy Pink White Gold
adidas,Samba OG Basketweave Black Cream White
adidas,Samba Ruffle Stripes Pack Black Off White
adidas,Samba Jane Crystal Sky Cream White
adidas,Samba OG Collegiate Purple Rush Gold
adidas,Samba Jane Triple Black
adidas,Samba LT Cream White Maroon
adidas,Samba Light Purple Floral
adidas,Samba Mule Beige Off White Gum
adidas,Samba OG Liberty London Maroon Warm Vanilla
adidas,Samba Mule Off White Preloved Brown
adidas,Samba OG Maroon Off White Gum
adidas,Samba Ruffle Stripes Pack Wonder Mauve
adidas,Samba Jane White Blue Gum
adidas,Samba Jane Ruffle Pack White Pink Gum
adidas,Samba OG Wonder Quartz Wonder Mauve
adidas,Samba OG Snakeskin Black
adidas,Samba OG White Wonder Gold Metallic
adidas,Samba OG Off White Aurora Coffee
adidas,Samba OG Cloud White Legacy Teal
adidas,Samba LT Gold Metallic Black Gum
adidas,Samba Jane White Silver Metallic
adidas,Samba OG Lucid Blue Night Indigo
adidas,Samba OG Basketweave Tongue Aurora Coffee Off White
adidas,Samba OG Earth Strata Pony Hair
adidas,Samba OG Off White Semi Lucid Red
adidas,Samba OG Aurora Ivy Black Patent
adidas,Samba Mule Black White Gum
adidas,Samba OG Silver Metallic Gum
adidas,Samba Jane Aurora Coffee
adidas,Samba OG Cow Print
adidas,Samba OG Molly-Mae Matcha
adidas,Samba Jane Green White Gum
adidas,Samba LT Core Black Patent Leather
adidas,Samba OG Shadow Red Velvet
adidas,Samba OG Off White Copper Metallic
adidas,Samba LT Aurora Ink Cream White
adidas,Samba Yellow Core Black
adidas,Samba LT Cloud White Core Black Gum
adidas,Samba OG Cream White Warm Clay
adidas,Samba OG Off White Sandy Pink
adidas,Samba OG Real Lilac White
adidas,Samba OG Black Green Leopard
adidas,Samba LT Cow Print Black White
adidas,Samba Jane Cream Black Gum
adidas,Samba OG Preloved Brown
adidas,Samba OG Off White Crystal Linen
adidas,Samba OG Wonder Gold Metallic
adidas,Samba LT Clear Pink Legend Ink
